{"cameraMode":{"drawMode":0,"name":"Shaded","section":"Shading Mode"},"sceneLighting":false,"audioPlay":false,"sceneViewState":{"m_AlwaysRefresh":false,"showFog":true,"showSkybox":false,"showFlares":true,"showImageEffects":true,"showParticleSystems":true,"showVisualEffectGraphs":true,"m_FxEnabled":true},"in2DMode":false,"pivot":{"x":-0.016009317710995675,"y":0.4881563186645508,"z":4.679914951324463},"rotation":{"x":0.015896379947662355,"y":0.011681003496050835,"z":-0.00019252255151513964,"w":0.999795138835907},"size":0.15598484873771668,"orthographic":false}