{"cameraMode":{"drawMode":0,"name":"Shaded","section":"Shading Mode"},"sceneLighting":false,"audioPlay":false,"sceneViewState":{"m_AlwaysRefresh":false,"showFog":false,"showSkybox":false,"showFlares":false,"showImageEffects":false,"showParticleSystems":false,"showVisualEffectGraphs":true,"m_FxEnabled":true},"in2DMode":false,"pivot":{"x":0.007180601358413696,"y":0.8139635920524597,"z":0.08417531847953797},"rotation":{"x":0.006025911308825016,"y":-0.9711484909057617,"z":0.2370380014181137,"w":0.025003986433148385},"size":1.0521736145019532,"orthographic":false}