{"cameraMode":{"drawMode":0,"name":"Shaded","section":"Shading Mode"},"sceneLighting":false,"audioPlay":false,"sceneViewState":{"m_AlwaysRefresh":false,"showFog":true,"showSkybox":false,"showFlares":true,"showImageEffects":true,"showParticleSystems":true,"showVisualEffectGraphs":true,"m_FxEnabled":true},"in2DMode":false,"pivot":{"x":-0.000002473592758178711,"y":0.5893983840942383,"z":0.03891921043395996},"rotation":{"x":0.0019652652554214,"y":0.9952449798583984,"z":-0.09523148834705353,"w":0.019770583137869836},"size":0.8251078724861145,"orthographic":false}