{"cameraMode":{"drawMode":0,"name":"Shaded","section":"Shading Mode"},"sceneLighting":false,"audioPlay":false,"sceneViewState":{"m_AlwaysRefresh":false,"showFog":false,"showSkybox":false,"showFlares":false,"showImageEffects":false,"showParticleSystems":false,"showVisualEffectGraphs":true,"m_FxEnabled":true},"in2DMode":false,"pivot":{"x":0.018475711345672609,"y":0.8056737780570984,"z":0.08776003122329712},"rotation":{"x":0.3545084297657013,"y":0.005312247667461634,"z":-0.002020660089328885,"w":0.9350245594978333},"size":1.2375458478927613,"orthographic":false}