{"cameraMode":{"drawMode":0,"name":"Shaded","section":"Shading Mode"},"sceneLighting":false,"audioPlay":false,"sceneViewState":{"m_AlwaysRefresh":false,"showFog":true,"showSkybox":false,"showFlares":true,"showImageEffects":true,"showParticleSystems":true,"showVisualEffectGraphs":true,"m_FxEnabled":true},"in2DMode":false,"pivot":{"x":-0.0190809965133667,"y":1.2562075853347779,"z":0.028668224811553956},"rotation":{"x":-0.003625286975875497,"y":-0.9504413604736328,"z":0.3106440305709839,"w":-0.01086828950792551},"size":1.960131287574768,"orthographic":false}