{"cameraMode":{"drawMode":0,"name":"Shaded","section":"Shading Mode"},"sceneLighting":false,"audioPlay":false,"sceneViewState":{"m_AlwaysRefresh":false,"showFog":false,"showSkybox":false,"showFlares":false,"showImageEffects":false,"showParticleSystems":false,"showVisualEffectGraphs":true,"m_FxEnabled":true},"in2DMode":false,"pivot":{"x":0.009593069553375245,"y":0.8704314231872559,"z":0.09860290586948395},"rotation":{"x":-0.023400545120239259,"y":-0.8212422728538513,"z":-0.03377554565668106,"w":0.5690813064575195},"size":1.172445297241211,"orthographic":false}