{"cameraMode":{"drawMode":0,"name":"Shaded","section":"Shading Mode"},"sceneLighting":false,"audioPlay":false,"sceneViewState":{"m_AlwaysRefresh":false,"showFog":false,"showSkybox":false,"showFlares":false,"showImageEffects":false,"showParticleSystems":false,"showVisualEffectGraphs":true,"m_FxEnabled":true},"in2DMode":false,"pivot":{"x":0.42345020174980166,"y":0.24956011772155763,"z":-0.04111218452453613},"rotation":{"x":0.0034727107267826797,"y":-0.9780014753341675,"z":0.20783863961696626,"w":0.01667926274240017},"size":1.2394022941589356,"orthographic":false}