{"cameraMode":{"drawMode":0,"name":"Shaded","section":"Shading Mode"},"sceneLighting":false,"audioPlay":false,"sceneViewState":{"m_AlwaysRefresh":false,"showFog":true,"showSkybox":false,"showFlares":true,"showImageEffects":true,"showParticleSystems":true,"showVisualEffectGraphs":true,"m_FxEnabled":true},"in2DMode":false,"pivot":{"x":0.00011063867714256048,"y":-0.0017124079167842866,"z":0.0013042949140071869},"rotation":{"x":-0.004311876837164164,"y":-0.9446788430213928,"z":0.3276946246623993,"w":-0.01221830490976572},"size":0.749851644039154,"orthographic":false}