{"cameraMode":{"drawMode":0,"name":"Shaded","section":"Shading Mode"},"sceneLighting":false,"audioPlay":false,"sceneViewState":{"m_AlwaysRefresh":false,"showFog":true,"showSkybox":false,"showFlares":true,"showImageEffects":true,"showParticleSystems":true,"showVisualEffectGraphs":true,"m_FxEnabled":true},"in2DMode":false,"pivot":{"x":0.07278138399124146,"y":0.6161375045776367,"z":5.225454330444336},"rotation":{"x":0.08482933044433594,"y":-0.6214361190795898,"z":0.0679406151175499,"w":0.7758789658546448},"size":0.3182218670845032,"orthographic":false}