{"cameraMode":{"drawMode":0,"name":"Shaded","section":"Shading Mode"},"sceneLighting":false,"audioPlay":false,"sceneViewState":{"m_AlwaysRefresh":false,"showFog":false,"showSkybox":false,"showFlares":false,"showImageEffects":false,"showParticleSystems":false,"showVisualEffectGraphs":true,"m_FxEnabled":true},"in2DMode":false,"pivot":{"x":0.007180601358413696,"y":0.8139635920524597,"z":0.08417531847953797},"rotation":{"x":-0.003011817578226328,"y":-0.9929049611091614,"z":0.11609382927417755,"w":-0.025093814358115197},"size":1.0521736145019532,"orthographic":false}