{"cameraMode":{"drawMode":0,"name":"Shaded","section":"Shading Mode"},"sceneLighting":false,"audioPlay":false,"sceneViewState":{"m_AlwaysRefresh":false,"showFog":false,"showSkybox":false,"showFlares":false,"showImageEffects":false,"showParticleSystems":false,"showVisualEffectGraphs":true,"m_FxEnabled":true},"in2DMode":false,"pivot":{"x":0.06308157742023468,"y":0.6641002297401428,"z":-0.06195676326751709},"rotation":{"x":0.0006331053446047008,"y":-0.9991285800933838,"z":-0.03808695450425148,"w":-0.016507264226675035},"size":0.8758217692375183,"orthographic":false}